"path","bytes","sha256"
"00_README_D_A4_N2_2026-09-17.md","5137","4a28868e9cb1cd5c50313a6383233f5ffbd2b254336b8df58b01d3d62e12467e"
"D_A4_N2_AVAILABLE_GATES_RESULT_2026-09-17.json","4501","0c30a6d2dc6892d4bfb4ab0a467f5caa9ab996fa7b4d2d850c0a891b33522a68"
"n2_synth_local_attempt1_ip_parallel_fail/failure/ip_project/a3_fp32_ip_gen.gen/sources_1/ip/floating_point_0/floating_point_0_ooc.xdc","2495","b4b0a6a46a3ad3c36941ecb4373d2e501868e80ce651c5a00132f1aa04cf0abe"
"n2_synth_local_attempt1_ip_parallel_fail/failure/ip_project/a3_fp32_ip_gen.gen/sources_1/ip/floating_point_1/floating_point_1_ooc.xdc","2495","b4b0a6a46a3ad3c36941ecb4373d2e501868e80ce651c5a00132f1aa04cf0abe"
"n2_synth_local_attempt1_ip_parallel_fail/failure/ip_project/a3_fp32_ip_gen.gen/sources_1/ip/floating_point_2/floating_point_2_ooc.xdc","2495","b4b0a6a46a3ad3c36941ecb4373d2e501868e80ce651c5a00132f1aa04cf0abe"
"n2_synth_local_attempt1_ip_parallel_fail/failure/ip_project/a3_fp32_ip_gen.runs/floating_point_0_synth_1/.Xil/Vivado-36116-刘雨菡/realtime/dupFiles.rpt","93","9a1e76ade01df999e7f3b4b0696435bfb3f09c7245de06dfc037df7b380634bc"
"n2_synth_local_attempt1_ip_parallel_fail/failure/ip_project/a3_fp32_ip_gen.runs/floating_point_0_synth_1/.Xil/Vivado-36116-刘雨菡/realtime/floating_point_0.tcl","5684","d39d75d0e8e7bad096590bc0cf530ae6fdc86c74e496b999f21f000c2d78c38c"
"n2_synth_local_attempt1_ip_parallel_fail/failure/ip_project/a3_fp32_ip_gen.runs/floating_point_0_synth_1/dont_touch.xdc","1391","51cc4099f83b567c4d1e43249e1df7bdbea83dc7ebd80a2fc3898185c249d110"
"n2_synth_local_attempt1_ip_parallel_fail/failure/ip_project/a3_fp32_ip_gen.runs/floating_point_0_synth_1/floating_point_0.tcl","13747","b7c8cce73581804e294e787ab6f599ed79802d05c90bad9e818fdaec9ac850c2"
"n2_synth_local_attempt1_ip_parallel_fail/failure/ip_project/a3_fp32_ip_gen.runs/floating_point_0_synth_1/runme.log","18546","f0fa703264c75313874490c1c0b87ea9249b750d1dee680dd0e36d2022983c7d"
"n2_synth_local_attempt1_ip_parallel_fail/failure/ip_project/a3_fp32_ip_gen.runs/floating_point_1_synth_1/.Xil/Vivado-18580-刘雨菡/realtime/dupFiles.rpt","93","de01a7247219206a30bf6c4925228a1898e87574a8e4e099cc10b13ac27c4b50"
"n2_synth_local_attempt1_ip_parallel_fail/failure/ip_project/a3_fp32_ip_gen.runs/floating_point_1_synth_1/.Xil/Vivado-18580-刘雨菡/realtime/floating_point_1.tcl","5684","52024e77a865c2eb12fb2ee3ff0df2d96947c9ff1e79b46543cbfa83dbb26f45"
"n2_synth_local_attempt1_ip_parallel_fail/failure/ip_project/a3_fp32_ip_gen.runs/floating_point_1_synth_1/dont_touch.xdc","1391","f5ac4f7fb7fa9af77889d22cfcd83d645215ae75a68efb3f0af89d407dfe45df"
"n2_synth_local_attempt1_ip_parallel_fail/failure/ip_project/a3_fp32_ip_gen.runs/floating_point_1_synth_1/floating_point_1.tcl","13747","1735054d9fcd6b6eed3710a7768829b20884a51b8e572f2b9388cc078f3a2ef1"
"n2_synth_local_attempt1_ip_parallel_fail/failure/ip_project/a3_fp32_ip_gen.runs/floating_point_1_synth_1/runme.log","18887","f3d491af1a9e9081e24c8e6ff251f840500271f40d91f68371d7c37e9d6232f6"
"n2_synth_local_attempt1_ip_parallel_fail/failure/ip_project/a3_fp32_ip_gen.runs/floating_point_2_synth_1/dont_touch.xdc","1391","7fbb87bf1301ce027d53c60e24c647cd1c3aae4364035ffc82dfb6ae23e31328"
"n2_synth_local_attempt1_ip_parallel_fail/failure/ip_project/a3_fp32_ip_gen.runs/floating_point_2_synth_1/floating_point_2.tcl","13747","33791810346edd5c8a9ac75fd824e4fae20643ab7f52d72713f910b95fe267c3"
"n2_synth_local_attempt1_ip_parallel_fail/failure/ip_project/a3_fp32_ip_gen.runs/floating_point_2_synth_1/runme.log","157","c69527c1193910eab27df83ff59055f60980d00edd1b6cb967ac522edd1dea02"
"n2_synth_local_attempt1_ip_parallel_fail/failure/ip_run/run.tcl","700","a0c93f3a61daaedcf71db706f60e35dcea7d11594d4b22f2c4fce017e17e3104"
"n2_synth_local_attempt1_ip_parallel_fail/failure/ip_run/vivado.log","27137","779cb9dc2fba0661ba824856aa82a37e5ab1cb1a18a5785e2b0af47cdfd334ca"
"n2_synth_local_attempt1_ip_parallel_fail/failure/ip_run/vivado.log.stderr.log","70","fb4a5fe60ad494911ab97498709f20223af1e886d49159ce2bbb98e4d10cb20a"
"n2_synth_local_attempt1_ip_parallel_fail/failure/src/scripts/cats_r4_a3_compute_cluster_ooc.tcl","5259","91eb0dcb786e1986a793e1e09cd065bcb843fc0a833ed31f1102ab76d66f5a47"
"n2_synth_local_attempt1_ip_parallel_fail/failure/src/scripts/create_fp32_ips.tcl","2810","a86e110761f70b5a306057c737e100e1e51dd111813fcec71468f968ec401be4"
"n2_synth_local_attempt2_ip_serial_fail/failure/ip_project/a3_fp32_ip_gen.gen/sources_1/ip/floating_point_0/floating_point_0_ooc.xdc","2495","b4b0a6a46a3ad3c36941ecb4373d2e501868e80ce651c5a00132f1aa04cf0abe"
"n2_synth_local_attempt2_ip_serial_fail/failure/ip_project/a3_fp32_ip_gen.gen/sources_1/ip/floating_point_1/floating_point_1_ooc.xdc","2495","b4b0a6a46a3ad3c36941ecb4373d2e501868e80ce651c5a00132f1aa04cf0abe"
"n2_synth_local_attempt2_ip_serial_fail/failure/ip_project/a3_fp32_ip_gen.gen/sources_1/ip/floating_point_2/floating_point_2_ooc.xdc","2495","b4b0a6a46a3ad3c36941ecb4373d2e501868e80ce651c5a00132f1aa04cf0abe"
"n2_synth_local_attempt2_ip_serial_fail/failure/ip_project/a3_fp32_ip_gen.runs/floating_point_0_synth_1/.Xil/Vivado-19340-刘雨菡/realtime/dupFiles.rpt","93","701eeb93f066bf588dec6c1920457d74aa976f9acd92cc324ff01491de1870ba"
"n2_synth_local_attempt2_ip_serial_fail/failure/ip_project/a3_fp32_ip_gen.runs/floating_point_0_synth_1/.Xil/Vivado-19340-刘雨菡/realtime/floating_point_0.tcl","5684","1f34175f2498387425e4acf3af145ad17930d829f6aac9c9664121dc0bb125b7"
"n2_synth_local_attempt2_ip_serial_fail/failure/ip_project/a3_fp32_ip_gen.runs/floating_point_0_synth_1/dont_touch.xdc","1391","bdf24bf30a2c5bfef10a6b2dfe9a93b5d41c872b4bb06270e38c4786b6a13a93"
"n2_synth_local_attempt2_ip_serial_fail/failure/ip_project/a3_fp32_ip_gen.runs/floating_point_0_synth_1/floating_point_0.tcl","13747","c9291ac53a1871077f260e694a5339b95b9faddc966e43e064d677c4db714a41"
"n2_synth_local_attempt2_ip_serial_fail/failure/ip_project/a3_fp32_ip_gen.runs/floating_point_0_synth_1/runme.log","18545","d894203dc325c7f379f272e67bb56f120fdcaf44a85736ea799d544ad2316d3f"
"n2_synth_local_attempt2_ip_serial_fail/failure/ip_project/a3_fp32_ip_gen.runs/floating_point_1_synth_1/dont_touch.xdc","1391","f05bf91aa173882f1de659826a913c631ab73694ca5db92226cc987065c5424d"
"n2_synth_local_attempt2_ip_serial_fail/failure/ip_project/a3_fp32_ip_gen.runs/floating_point_1_synth_1/floating_point_1.tcl","13747","ecb073ef27b58e29855b1ed67649765727ff7ff59297025d15b39ea3fc3e5c65"
"n2_synth_local_attempt2_ip_serial_fail/failure/ip_project/a3_fp32_ip_gen.runs/floating_point_1_synth_1/runme.log","157","f51a7cf5cc3b9c7a6d3dda9a81aebea11ea2275e7797a62f9aeb7297690bfe9d"
"n2_synth_local_attempt2_ip_serial_fail/failure/ip_project/a3_fp32_ip_gen.runs/floating_point_2_synth_1/dont_touch.xdc","1391","f55349d12bfcc38c8748046aadd31fde1c001e8dbd2ecaacf9d7d276e1ab0a9e"
"n2_synth_local_attempt2_ip_serial_fail/failure/ip_project/a3_fp32_ip_gen.runs/floating_point_2_synth_1/floating_point_2.tcl","13747","d9173679307e762530a15ddc3440f580868dd6aa698e8b1fad3f5bd81a5ac747"
"n2_synth_local_attempt2_ip_serial_fail/failure/ip_run/run.tcl","700","ddc9473652fa8a1b77e124c8de8bb49e6db14c7a81211666f2c0f6d2a7c35a00"
"n2_synth_local_attempt2_ip_serial_fail/failure/ip_run/vivado.log","27136","c40da223f560cebceef5ba775a349e3109fded906e839d73478f2ed42d22ee7c"
"n2_synth_local_attempt2_ip_serial_fail/failure/ip_run/vivado.log.stderr.log","70","fb4a5fe60ad494911ab97498709f20223af1e886d49159ce2bbb98e4d10cb20a"
"n2_synth_local_attempt2_ip_serial_fail/failure/src/scripts/cats_r4_a3_compute_cluster_ooc.tcl","5259","91eb0dcb786e1986a793e1e09cd065bcb843fc0a833ed31f1102ab76d66f5a47"
"n2_synth_local_attempt2_ip_serial_fail/failure/src/scripts/create_fp32_ips.tcl","2810","a86e110761f70b5a306057c737e100e1e51dd111813fcec71468f968ec401be4"
"n2_synth_local_attempt3_existing_ip_heap_fail/failure/ip_project/fpt_attention_board_v314_qk4_causal_bypass.gen/sources_1/bd/design_1/design_1_ooc.xdc","617","9c753f58a028dcd0fed3b93f1887d062b939717fb0e1e3f21d28530bc1f20393"
"n2_synth_local_attempt3_existing_ip_heap_fail/failure/ip_project/fpt_attention_board_v314_qk4_causal_bypass.gen/sources_1/bd/design_1/ip/design_1_axi_gpio_ctrl_0/design_1_axi_gpio_ctrl_0_board.xdc","60","7ad209b673e69e5dc7667668407b509d8ac03974abdb527313a511db77cf15bd"
"n2_synth_local_attempt3_existing_ip_heap_fail/failure/ip_project/fpt_attention_board_v314_qk4_causal_bypass.gen/sources_1/bd/design_1/ip/design_1_axi_gpio_ctrl_0/design_1_axi_gpio_ctrl_0_ooc.xdc","2950","7dbfb963a986d6d6b73b74397d4482398c18d8dfc35b017a459fb02fdc9f7d15"
"n2_synth_local_attempt3_existing_ip_heap_fail/failure/ip_project/fpt_attention_board_v314_qk4_causal_bypass.gen/sources_1/bd/design_1/ip/design_1_axi_smc_ctrl_0/bd_0/ip/ip_1/bd_ec3b_psr_aclk_0_board.xdc","60","7ad209b673e69e5dc7667668407b509d8ac03974abdb527313a511db77cf15bd"
"n2_synth_local_attempt3_existing_ip_heap_fail/failure/ip_project/fpt_attention_board_v314_qk4_causal_bypass.gen/sources_1/bd/design_1/ip/design_1_axi_smc_ctrl_0/bd_0/ip/ip_10/bd_ec3b_sbn_0_ooc.xdc","2414","f79c2748351588b1aa6613fd652c7ee06390c3f9f753ae6ddce348017bd06fc6"
"n2_synth_local_attempt3_existing_ip_heap_fail/failure/ip_project/fpt_attention_board_v314_qk4_causal_bypass.gen/sources_1/bd/design_1/ip/design_1_axi_smc_ctrl_0/bd_0/ip/ip_11/bd_ec3b_m00s2a_0_ooc.xdc","2375","39c217c1816cd8abb7f81a99aff966af7c20d454183534f8ede0592c1d6e132a"
"n2_synth_local_attempt3_existing_ip_heap_fail/failure/ip_project/fpt_attention_board_v314_qk4_causal_bypass.gen/sources_1/bd/design_1/ip/design_1_axi_smc_ctrl_0/bd_0/ip/ip_5/bd_ec3b_s00a2s_0_ooc.xdc","2375","c22bcb4997225f7760932de4b448012a4f616b4a245cf87bdd4030f41c153bd6"
"n2_synth_local_attempt3_existing_ip_heap_fail/failure/ip_project/fpt_attention_board_v314_qk4_causal_bypass.gen/sources_1/bd/design_1/ip/design_1_axi_smc_ctrl_0/bd_0/ip/ip_6/bd_ec3b_sarn_0_ooc.xdc","2414","f79c2748351588b1aa6613fd652c7ee06390c3f9f753ae6ddce348017bd06fc6"
"n2_synth_local_attempt3_existing_ip_heap_fail/failure/ip_project/fpt_attention_board_v314_qk4_causal_bypass.gen/sources_1/bd/design_1/ip/design_1_axi_smc_ctrl_0/bd_0/ip/ip_7/bd_ec3b_srn_0_ooc.xdc","2414","f79c2748351588b1aa6613fd652c7ee06390c3f9f753ae6ddce348017bd06fc6"
"n2_synth_local_attempt3_existing_ip_heap_fail/failure/ip_project/fpt_attention_board_v314_qk4_causal_bypass.gen/sources_1/bd/design_1/ip/design_1_axi_smc_ctrl_0/bd_0/ip/ip_8/bd_ec3b_sawn_0_ooc.xdc","2414","f79c2748351588b1aa6613fd652c7ee06390c3f9f753ae6ddce348017bd06fc6"
"n2_synth_local_attempt3_existing_ip_heap_fail/failure/ip_project/fpt_attention_board_v314_qk4_causal_bypass.gen/sources_1/bd/design_1/ip/design_1_axi_smc_ctrl_0/bd_0/ip/ip_9/bd_ec3b_swn_0_ooc.xdc","2414","f79c2748351588b1aa6613fd652c7ee06390c3f9f753ae6ddce348017bd06fc6"
"n2_synth_local_attempt3_existing_ip_heap_fail/failure/ip_project/fpt_attention_board_v314_qk4_causal_bypass.gen/sources_1/bd/design_1/ip/design_1_axi_smc_ctrl_0/ooc.xdc","180","2b819b7c1c058709ea15c3dfc6a4410ae32375d1a108b49b1b324469c91d03c0"
"n2_synth_local_attempt3_existing_ip_heap_fail/failure/ip_project/fpt_attention_board_v314_qk4_causal_bypass.gen/sources_1/bd/design_1/ip/design_1_axi_smc_ctrl_0/smartconnect.xdc","57","363d3b791bc8ab77fe6437c34567a1f24816643c8acde63ff91706d3235bed17"
"n2_synth_local_attempt3_existing_ip_heap_fail/failure/ip_project/fpt_attention_board_v314_qk4_causal_bypass.gen/sources_1/bd/design_1/ip/design_1_proc_sys_reset_0_0/design_1_proc_sys_reset_0_0_board.xdc","60","7ad209b673e69e5dc7667668407b509d8ac03974abdb527313a511db77cf15bd"
"n2_synth_local_attempt3_existing_ip_heap_fail/failure/ip_project/fpt_attention_board_v314_qk4_causal_bypass.gen/sources_1/bd/design_1/ip/design_1_zynq_ultra_ps_e_0_0/design_1_zynq_ultra_ps_e_0_0_ooc.xdc","6","1a81f3c0955ce02c7c0d077a08b9e5feb5c689afe9d477c93c2603a1977ddae0"
"n2_synth_local_attempt3_existing_ip_heap_fail/failure/ip_project/fpt_attention_board_v314_qk4_causal_bypass.gen/sources_1/bd/design_1/ip/design_1_zynq_ultra_ps_e_0_0/design_1_zynq_ultra_ps_e_0_0.xdc","1116","0f409e235cf27ffd6ac54688505ab5e3e64a03bac48741516b49c6cae601ddae"
"n2_synth_local_attempt3_existing_ip_heap_fail/failure/ip_project/fpt_attention_board_v314_qk4_causal_bypass.gen/sources_1/bd/design_1/ip/design_1_zynq_ultra_ps_e_0_0/psu_init.tcl","897051","45dd3395f99b90c0c705bdba9d74d999a0ecdbd8542924407c4c5c575e904edf"
"n2_synth_local_attempt3_existing_ip_heap_fail/failure/ip_project/fpt_attention_board_v314_qk4_causal_bypass.runs/synth_1/.Xil/Vivado-29236-刘雨菡/realtime/attention_board_top.tcl","19950","e9eed3d408ff99d4136efe7b55cba00b542ce6f567afc45a2e17be4ff70c53b6"
"n2_synth_local_attempt3_existing_ip_heap_fail/failure/ip_project/fpt_attention_board_v314_qk4_causal_bypass.runs/synth_1/.Xil/Vivado-29236-刘雨菡/realtime/dupFiles.rpt","2954","7bdfd16f37cb788662aee1d267b2f22c67564331971dfd0cc0d82c828263de95"
"n2_synth_local_attempt3_existing_ip_heap_fail/failure/ip_project/fpt_attention_board_v314_qk4_causal_bypass.runs/synth_1/attention_board_top.tcl","16782","1bc3883368f00b085cb88e02f8c59bb8a15dd4c76f6cefeb8398bd5507f44030"
"n2_synth_local_attempt3_existing_ip_heap_fail/failure/ip_project/fpt_attention_board_v314_qk4_causal_bypass.runs/synth_1/dont_touch.xdc","9609","822035a915ac911cb14b692e435fa4900875453e98e37365fdc83210bd2f1259"
"n2_synth_local_attempt3_existing_ip_heap_fail/failure/ip_project/fpt_attention_board_v314_qk4_causal_bypass.runs/synth_1/runme.log","155183","62d81e5b50da9351e31d142ceda3a776e90606b83e2f1c5eca456baf0ae921d3"
"n2_synth_local_attempt3_existing_ip_heap_fail/failure/ooc_results/cats_r4_a3_compute_cluster_ooc.xdc","538","d1f0f1f56abdba60d937cb9b582706542cecfdb615a5dbd60f1f7571d58e7149"
"n2_synth_local_attempt3_existing_ip_heap_fail/failure/ooc_run/.Xil/Vivado-11672-刘雨菡/realtime/cats_r4_a4_compute_array_n2.tcl","11742","0f5277c05f67838785eb0f9d5676f79d494799c316b8b99a203932e05d5d9b31"
"n2_synth_local_attempt3_existing_ip_heap_fail/failure/ooc_run/.Xil/Vivado-11672-刘雨菡/realtime/dupFiles.rpt","3063","645f06b00c87bdc90154d46ef817a963f32d158fe6e11aab085b4200917d5365"
"n2_synth_local_attempt3_existing_ip_heap_fail/failure/ooc_run/run.tcl","7776","8f37860526beb1094807a7634cd1af361edc48a02a84608ae827b5a39a3a91c4"
"n2_synth_local_attempt3_existing_ip_heap_fail/failure/ooc_run/vivado.log","140537","d642a806b68bf2931a011b9cc7a665e60114cce21a29d247607e07c5672bfa09"
"n2_synth_local_attempt3_existing_ip_heap_fail/failure/ooc_run/vivado.log.stderr.log","0","e3b0c44298fc1c149afbf4c8996fb92427ae41e4649b934ca495991b7852b855"
"n2_synth_local_attempt3_existing_ip_heap_fail/failure/src/scripts/cats_r4_a3_compute_cluster_ooc.tcl","5259","91eb0dcb786e1986a793e1e09cd065bcb843fc0a833ed31f1102ab76d66f5a47"
"n2_synth_local_attempt3_existing_ip_heap_fail/failure/src/scripts/create_fp32_ips.tcl","2810","a86e110761f70b5a306057c737e100e1e51dd111813fcec71468f968ec401be4"
"p6_checkpoint_current_head.log","7126","8b444f04a82cd6f1d527e291ef2969a6ff2117bff85ee6397955a7b7149aeb05"
"raw_logs/run_cats_r4_a4_control_plane_iverilog.stderr.log","0","e3b0c44298fc1c149afbf4c8996fb92427ae41e4649b934ca495991b7852b855"
"raw_logs/run_cats_r4_a4_control_plane_iverilog.stdout.log","344","b32c2d9a57c91a014f66c9922c9037c0e800c25bd4da3ca8a25f83b20a5d97f3"
"raw_logs/run_cats_r4_a4_drain_stress_iverilog.stderr.log","514","dbd2bbeef9354156951fc728a5720ace11ff18c1301a4ef8bd5b0deddca6c9f6"
"raw_logs/run_cats_r4_a4_drain_stress_iverilog.stdout.log","347","3eb64aa0fac37aa2e7b7fd975fa81e2d9359202ae91de4c92e872dc45aa6f09b"
"raw_logs/run_cats_r4_a4_event_join_iverilog.stderr.log","0","e3b0c44298fc1c149afbf4c8996fb92427ae41e4649b934ca495991b7852b855"
"raw_logs/run_cats_r4_a4_event_join_iverilog.stdout.log","273","556ffff0142dce54c5803fe3f9c26821d71f886e60687e317171fd5698191191"
"raw_logs/run_cats_r4_a4_finite_output_iverilog.stderr.log","520","42e9d818d99e9f846b3a44dd9db69d5fd43b30e1492297adf7d0eaef379d9b3a"
"raw_logs/run_cats_r4_a4_finite_output_iverilog.stdout.log","361","c35f6db6b2ff03440ffd77c139298f355d11414a91896d419b8aa6083d19ee5f"
"raw_logs/run_cats_r4_a4_group_job_adapter_cluster1.stderr.log","0","e3b0c44298fc1c149afbf4c8996fb92427ae41e4649b934ca495991b7852b855"
"raw_logs/run_cats_r4_a4_group_job_adapter_cluster1.stdout.log","298","4290889cd0ee6fa55bede6f156d36978bae2d460a378e10457523ea014bff9eb"
"raw_logs/run_cats_r4_a4_group_job_adapter_iverilog.stderr.log","0","e3b0c44298fc1c149afbf4c8996fb92427ae41e4649b934ca495991b7852b855"
"raw_logs/run_cats_r4_a4_group_job_adapter_iverilog.stdout.log","298","61bb43dbf82510e8c10c1f331d934e9c3e89514f36e7e9eb2b195b4a539e4bf8"
"raw_logs/run_cats_r4_a4_n2_wrapper_iverilog.stderr.log","39736","44c6e8112d18dfc1d8d5c2217906a799bc70f518a1fc4990536e4176250d850a"
"raw_logs/run_cats_r4_a4_n2_wrapper_iverilog.stdout.log","185","30092ba6c36a1e7451bc9524f78e7e6696b6ae6f800a989fdd1183608421c4f8"
"raw_logs/run_cats_r4_a4_telemetry_iverilog.stderr.log","0","e3b0c44298fc1c149afbf4c8996fb92427ae41e4649b934ca495991b7852b855"
"raw_logs/run_cats_r4_a4_telemetry_iverilog.stdout.log","310","be5fd7969f698d64185119733e61785d8c476586aa7caedd2b6821787e816f78"
"raw_logs/run_cats_r4_a4_txn_fanout_iverilog.stderr.log","0","e3b0c44298fc1c149afbf4c8996fb92427ae41e4649b934ca495991b7852b855"
"raw_logs/run_cats_r4_a4_txn_fanout_iverilog.stdout.log","340","79948dfd64201e8389c863f68fa38c0f8bffdb566f652dc42776f118adb007ed"
"readiness_validator_tests_bundled_python.log","3871","780d1fb59e8154daff78e4f5f000a1c3a24bf97f55ddd4736392121f009929c0"
"readiness_validator_tests_escalated.log","112","7035d654f35d112a93ab5cf1b556904bb8ccfd02dc818bbe02972c0e8a94433b"
"readiness_validator_tests_rerun.log","5118","379624ce1440375477c50a71f63952a9ed478cf49eec8fcc6bb6b2a0e646d149"
"readiness_validator_tests.log","4704","511e3f356ff24dd3d2f2eda65917c8700420cf9ee47c0ef1275090e8525100fc"
"remote_evidence_indexes/a4_p6_control_evidence_index.json","12104","fd1cfd3166729c3930e3e8cf045d9c5d7df0d8ebcd08615665c6a415f5c57328"
"remote_evidence_indexes/a4_p7_full_slices_evidence_index.json","2669","226ee181713262106fe058647a9014760ce25ef8afcf8b8ecfc12c7b3d579781"
"remote_evidence_indexes/a4_p9_n2_route_evidence_index.json","4715","bd0fd54c19c74a500e7f26d6146fbe511eb6655e0abb06a50e0e617ddc42b458"
"remote_evidence_indexes/a4_p9_n2_synth_evidence_index.json","4135","b99945ff3109c9f69aab1368ee0d6260594b0af8f166ac3a103a6636db691d18"
"scaling_model_tests.log","114","deb1496373136b0c4339afd619f36433d35796c110a39185668f62c65f775225"
"scaling_model.json","9270","162900a5fcb3fa5c06cec8596cfeed0619fe42801a2564b6f03e0320942ee4c0"
"source_identity.json","538","93476faa360ec5e88f34eb648c2c179f4195f7fdf7a2d8c546450a73b0c24335"
"timeout_diagnostic_fixture/stderr.log","23","1fac75a98105bb845f0edb1a882e7e9e8d676d073fdc45a646d6857330d519f5"
"timeout_diagnostic_fixture/stdout.log","379","8563132ee9f58e3c6722afb05c8d798f47b5c707de6185cdd35af5ae95675007"
"timeout_diagnostic_fixture/timeout_diagnostic.json","1682","501b42f3ed09f94ef46d080f5408812ef794ea1081258a66a6bf838898200a8f"
"unit_run_results.json","4823","85678306400a7b192ca8e6a49fc68509561d43cecaf00eb59b047492552af317"
"xsim_n2/dfx_runtime.txt","113","398361591b57b6e989320060693b33c7a147d7ab7114c847cf421c46acb8987e"
"xsim_n2/tb_cats_r4_a4_compute_array_sim.wdb","481955","fe5d7f8069508bea4cd279c21a6efcd58c877f416618743a0551b2fe35895e4a"
"xsim_n2/tb_cats_r4_a4_n2_wrapper_sim.wdb","737354","e0065d6f0e36a10900042639bad0d5b80ce8d634882863783ab66ab7b3925f6c"
"xsim_n2/xelab_compute_array_c1_m1_s19_console.log","576","cf763661dc72ce24bca63befba7cf1c7672782548e7b4459c1fa851a03b77141"
"xsim_n2/xelab_compute_array_console.log","2391","ec75bd5e4c24b0e272aece52e16443aff65159315d2a38a00352b7bf781bf945"
"xsim_n2/xelab_console.log","2691","61267314a4134bb072147d11c8d1a9971eec36ffece1c538734d8f74cff15217"
"xsim_n2/xelab.log","570","091b95d810976199706862aa8f42a3ebc30e55bf921a35d0bd2280e5957815c2"
"xsim_n2/xelab.pb","813","b924687d53fbf3bf2a97e6a11d546d5a0b98fe192aab96f63e924d878d6a84bc"
"xsim_n2/xsim_36568.backup.jou","1514","719d95b437abd8eb9c31c9a79eeccff1f2b12ff5fac17c23e9d0fba05801ee24"
"xsim_n2/xsim_36568.backup.log","2055","5aa93e0f36defc8b973fc059b39ed6715b549d19b24d8892463d14105589407f"
"xsim_n2/xsim_compute_array_console.log","9559","773bdc2a9c733a00f025410fe78a80c84631a1ec6759b9cd55acbb805e142cae"
"xsim_n2/xsim_console.log","1026","8e895cbeb2052236ccd1fbb5ea230615198256532f88f1420af5edac81ba49b4"
"xsim_n2/xsim.dir/tb_cats_r4_a4_compute_array_sim/Compile_Options.txt","95","42eae77bcdaa80bd3e69d15b91a97d74d557b31eb95976991854301e909e7cca"
"xsim_n2/xsim.dir/tb_cats_r4_a4_compute_array_sim/xsim_script.tcl","62","7fc57e2d2485a64d4634486b8bb95ccdd109ea8e441ce8f698e0b84075454f4e"
"xsim_n2/xsim.dir/tb_cats_r4_a4_compute_array_sim/xsim.dbg","476024","477a181741f921d4868c6139702d1d30893279911b00fd74dde78559aef03b8b"
"xsim_n2/xsim.dir/tb_cats_r4_a4_compute_array_sim/xsim.mem","62433","e86cc2e4ed98034cb28657f8ea1497b86498697a22b416b969f31a1650bdcba7"
"xsim_n2/xsim.dir/tb_cats_r4_a4_compute_array_sim/xsim.reloc","88455","bfd1b44d3c7c939b9a1a861c24e85a12e61e97a67d759f7179ffbeaca1760149"
"xsim_n2/xsim.dir/tb_cats_r4_a4_compute_array_sim/xsim.rtti","1475","927e0278e7e231fbe2847551336215b475ffcef8955241a5671bb8c0f496a55e"
"xsim_n2/xsim.dir/tb_cats_r4_a4_compute_array_sim/xsim.svtype","738","9d70467e6ec86cce6179eec69ed5b1d5a60d90cda1e9acb3b5e1f2bb5f5ed90b"
"xsim_n2/xsim.dir/tb_cats_r4_a4_compute_array_sim/xsim.type","24","cf1c5a4aa3dd8007f3756f2f3d607d67751cd98e99c8f5038c3f8b9fd06aa8c8"
"xsim_n2/xsim.dir/tb_cats_r4_a4_compute_array_sim/xsim.version","6","a15b42b7cedfdc50b6ac3c608a1a64d31d64690c57ccdd42e81a93c1c12b9468"
"xsim_n2/xsim.dir/tb_cats_r4_a4_compute_array_sim/xsim.xdbg","356760","1b5aead659f8e2b48657402775963141a0dcbedfffc3f50137b4e6b892eb092d"
"xsim_n2/xsim.dir/tb_cats_r4_a4_compute_array_sim/xsimcrash.log","0","e3b0c44298fc1c149afbf4c8996fb92427ae41e4649b934ca495991b7852b855"
"xsim_n2/xsim.dir/tb_cats_r4_a4_compute_array_sim/xsimk.exe","772622","d9e6cef4428f074c6f9cf29f451e988805c3c5081e9135d5a9b0120a3fc194c6"
"xsim_n2/xsim.dir/tb_cats_r4_a4_compute_array_sim/xsimkernel.log","373","3a92725da40ac7fbb9cf135ae3c69ea9c4ee7c64c346f484549902917d5a7ea2"
"xsim_n2/xsim.dir/tb_cats_r4_a4_compute_array_sim/xsimSettings.ini","1414","6f47533a07ebbf72f3c32b29b213d1da67d65ff8b6112092e92f40a94e624c44"
"xsim_n2/xsim.dir/tb_cats_r4_a4_n2_wrapper_sim/Compile_Options.txt","89","2d71dca6e16cf4caa07b3ed5ae629cf60c8b218ea972b02afcc8c5e93271ebaf"
"xsim_n2/xsim.dir/tb_cats_r4_a4_n2_wrapper_sim/xsim_script.tcl","59","4ce8b097c06bbd596f2782abc9fbef1091bc05cd77e2a0816159da6fe5384fcd"
"xsim_n2/xsim.dir/tb_cats_r4_a4_n2_wrapper_sim/xsim.dbg","727856","2ec87aae781c39f9fb0982aad2e478e438eb60a0f4f64bb4881573de518e5e9b"
"xsim_n2/xsim.dir/tb_cats_r4_a4_n2_wrapper_sim/xsim.mem","109983","a5988df234cb6c959bacb3128d510ee33cd792c0c874b588cf915ebad4d49515"
"xsim_n2/xsim.dir/tb_cats_r4_a4_n2_wrapper_sim/xsim.reloc","163641","b4000a217b6a7de36ebbc54817266e9be9102377233f2e09f3eb90b43cca5627"
"xsim_n2/xsim.dir/tb_cats_r4_a4_n2_wrapper_sim/xsim.rtti","1802","4ce90bb7d64447502ed41fcd5ee91e4a93cdabc057645ba07ca3787d8d3a57fc"
"xsim_n2/xsim.dir/tb_cats_r4_a4_n2_wrapper_sim/xsim.svtype","915","4414d81284bae2da61edf83fc3433266095554a03242a84de4155e61d2888c75"
"xsim_n2/xsim.dir/tb_cats_r4_a4_n2_wrapper_sim/xsim.type","24","cf1c5a4aa3dd8007f3756f2f3d607d67751cd98e99c8f5038c3f8b9fd06aa8c8"
"xsim_n2/xsim.dir/tb_cats_r4_a4_n2_wrapper_sim/xsim.version","6","a15b42b7cedfdc50b6ac3c608a1a64d31d64690c57ccdd42e81a93c1c12b9468"
"xsim_n2/xsim.dir/tb_cats_r4_a4_n2_wrapper_sim/xsim.xdbg","726440","7f1a1ed7e9f6ef07f0b7a7868c60549806430c4650e60cbda3cddfee2a5754d8"
"xsim_n2/xsim.dir/tb_cats_r4_a4_n2_wrapper_sim/xsimcrash.log","0","e3b0c44298fc1c149afbf4c8996fb92427ae41e4649b934ca495991b7852b855"
"xsim_n2/xsim.dir/tb_cats_r4_a4_n2_wrapper_sim/xsimk.exe","791851","476d8d823fdf07de181ae7f54ced1cec908f4b860a85e62c73160e4059979808"
"xsim_n2/xsim.dir/tb_cats_r4_a4_n2_wrapper_sim/xsimkernel.log","364","5acdc0aa8b134e3248675d048ec3944e12d8b288fa7a29cea04bfdccfcb55c95"
"xsim_n2/xsim.dir/tb_cats_r4_a4_n2_wrapper_sim/xsimSettings.ini","1414","6f47533a07ebbf72f3c32b29b213d1da67d65ff8b6112092e92f40a94e624c44"
"xsim_n2/xsim.dir/work/bf16_to_fp32.sdb","861","7ea6e1fb0b7c299e78fd8523546b9bb81efb8404b58ddbc27817a64fc380921b"
"xsim_n2/xsim.dir/work/cats_r4_a3_compute_cluster.sdb","73202","45ea235dc52617e3b3026fef3062d2e3b4a8dfd3a645004ef1f4d7c448b4af83"
"xsim_n2/xsim.dir/work/cats_r4_a3_error_join.sdb","16289","d36ff15587a9e34ebc38f49e5790c6b8783263d64a4689bb2d622bdae34f39c6"
"xsim_n2/xsim.dir/work/cats_r4_a3_row_frontend.sdb","19132","a75b258f41cbb0e3f1c939cd5f20233626b81131eb7ee1451f76ec0ad5358caf"
"xsim_n2/xsim.dir/work/cats_r4_a4_compute_array_n2.sdb","58883","f63a1ec9ff3dedde60d2eb0f03928a70a5aac840d8b3192031ac36b191634750"
"xsim_n2/xsim.dir/work/cats_r4_a4_compute_array.sdb","27853","2dd5e97931ca270cf400550750161f3c61d7b5c628a4a22fea64640f336b990d"
"xsim_n2/xsim.dir/work/cats_r4_a4_event_join.sdb","9734","6dc4d3cb4311036c28434cfccc9ef153275874c703f272751b628d68b88eafb8"
"xsim_n2/xsim.dir/work/cats_r4_a4_group_job_adapter.sdb","22037","7f265cd0bfc552a330362e19c74cafa149b4a54549dcb0479fb99cc6e2f8241f"
"xsim_n2/xsim.dir/work/cats_r4_a4_telemetry.sdb","14968","101f562638492248ed927013c2bd60c2d898544bb2eca38a28c4fe36b4e2262e"
"xsim_n2/xsim.dir/work/cats_r4_a4_txn_fanout.sdb","8814","0579a163fe8b2567772464410dcbdd5044ac08258a5c7c792a0c2674d87e1d06"
"xsim_n2/xsim.dir/work/cats_r4_b2_shared_stager_v3_wrapper.sdb","28851","c39623c31fde9417720b6430469ae09dd700f190e72d6b59456f6c1ba86162be"
"xsim_n2/xsim.dir/work/cats_r4_b3_pv_32lane.sdb","21478","42f9813be488ba8a6f3166f50d8be30c053217708f2081f1359393deb6188239"
"xsim_n2/xsim.dir/work/cats_r4_b3_pv_controller.sdb","62978","da4d0a21f5188347efefc7cc5ce991b2af917b17e2bcb1573ceac62e10ca620d"
"xsim_n2/xsim.dir/work/cats_r4_b4_softmax_pv_cluster.sdb","34596","4edf87863db76065e0c1a35379b65e70add8d796c9cfa0f20da81d7a60e0f4dc"
"xsim_n2/xsim.dir/work/cats_r4_qk_32lane_engine.sdb","40958","a914f8460c79b8ed5c445d6c30b196dc741a2a235ab634bfd52b43dc7c6f4b74"
"xsim_n2/xsim.dir/work/cats_r4_qk_a2_row_pipeline.sdb","17406","f5d4d208e9aa07220827066191b9790b73f13ce3f8ebccc1057f736c3801e392"
"xsim_n2/xsim.dir/work/cats_r4_qk_ab_handoff.sdb","18249","1827fcb82bbd135341cf111da10febe42aafe02ebecfe43e6df44b2ab7352596"
"xsim_n2/xsim.dir/work/cats_r4_qk_q_slab_client.sdb","19277","3cc0eb510b42ef6390e2cd0186462c9e91a4a29f808475d544b257e11fba8e54"
"xsim_n2/xsim.dir/work/cats_r4_qk_row_abort_arbiter.sdb","5734","5e96aa2e49e620c237f8490953914dbc808988d360ce04151d4207dc7bbcfd08"
"xsim_n2/xsim.dir/work/cats_r4_qk_row_assembler.sdb","40853","4d97b50c71a0fcbac026f3d822f385ebde5972dbe5b0a14bb9705c1108d35cb2"
"xsim_n2/xsim.dir/work/cats_r4_qk_row_handoff_wrapper.sdb","23392","0ebff62d0e7a20f7a5f36b424706ce339033a0f595971de9b005d4f273e1a881"
"xsim_n2/xsim.dir/work/cats_r4_qk_score_formatter.sdb","16171","5a7bf233362408335f0e0fdb9aab8dd209aed57063db92de5d5329d77516cc36"
"xsim_n2/xsim.dir/work/cats_r4_qk_score_slot_mem.sdb","14236","c0d2e1a350fd97a5b1e3ae281522ce3d8337d21a154860473d39cda9437f30bb"
"xsim_n2/xsim.dir/work/cats_r4_qk_slot_lifecycle.sdb","13173","0d7183cc5309de27e0b8a0faf5b9c3c021f44dd21df013c45afcb80063665d41"
"xsim_n2/xsim.dir/work/cats_r4_weight_slot_mem.sdb","40654","69dd86f5e58aa3c3b194cb25975b6abd58a71d7acda277ced69ba07410ca7f3a"
"xsim_n2/xsim.dir/work/fp32_add_ip.sdb","4993","0cc478b2cfe1704769c3a61a520aec14b866b225affb8f2abad822232a022491"
"xsim_n2/xsim.dir/work/fp32_mul_ip.sdb","5406","9a9d51c7ba1ea1c20cea5e77fa9f3688e639476d9859b9eb258d9f35b90bfa26"
"xsim_n2/xsim.dir/work/fp32_to_bf16.sdb","1660","f28616ff5c6c42181c97807f9a8e9ca231ff8d2ae32195948174fffa16889bb4"
"xsim_n2/xsim.dir/work/tb_cats_r4_a4_compute_array.sdb","89726","4266cb65766aa04ae888c91c461b0643a05c2d462cb4610a3647b67fd599edd2"
"xsim_n2/xsim.dir/work/tb_cats_r4_a4_n2_wrapper.sdb","35170","f54f19113f3ef504c5489613fe228e27f7e9151edf1782b30aa0826d0e3289b4"
"xsim_n2/xsim.dir/work/tb_cats_r4_a4_service_model.sdb","29351","d335ffe5a22121f72af03cab75dd5937272c2b124601fc13fb21ae849e346c10"
"xsim_n2/xsim.dir/work/work.rlx","12353","2ee84cbac5940de9f3bc0cd396c1bc03f6e2f2c051d115cb9d6483dde760efc4"
"xsim_n2/xsim.dir/xsim.version","6","a15b42b7cedfdc50b6ac3c608a1a64d31d64690c57ccdd42e81a93c1c12b9468"
"xsim_n2/xsim.jou","1520","33da08dfd75bf9715fb3d60ada1dd467e336f37f4d79df0ad7da2b7a917fded2"
"xsim_n2/xsim.log","10516","c685df585bcf80676f3f324d71e30f5339d44e5a5f708c6cfd7bc0f0941dc482"
"xsim_n2/xvlog_compute_array_console.log","930","714ad007dfa78fef999a4296c430d9e1765ddd092bb6e66da950ec0b925c40d5"
"xsim_n2/xvlog_console.log","8541","d1686f5f035b9cade7e6fdfa78f1e4a065eca013cb96233950293c5391cd954f"
"xsim_n2/xvlog.log","924","32c0690fafc8c0de6fe15c2ae931026e7744e6a1c841a9701715d966b9c242de"
"xsim_n2/xvlog.pb","1156","0026ab89ecbb170187ddf3b4c02c7a7b922654049d3efbc259506cbb7ef6f5a0"
